{
  "ideVersion": "3.3",
  "name": "hkgzapi",
  "title": "海康感知平台接口调用",
  "description": "",
  "specVersion": "1.0.0",
  "type": "module",
  "subType": "extension",
  "version": "1.0.2",
  "externalDependencyMap": {"maven": [{
    "groupId": "com.hkgzapi",
    "artifactId": "hkgzapi",
    "version": "1.0.2"
  }]},
  "compilerInfoMap": {"java": [
    {
      "type": "structure",
      "className": "AppPrivilege",
      "packageName": "com.hkgapi.hktool.param",
      "javaTypes": {
        "value": "String",
        "key": "String",
        "option": "String"
      },
      "naslName": "AppPrivilege"
    },
    {
      "type": "structure",
      "className": "AppPrivilegeDto",
      "packageName": "com.hkgapi.hktool.structure",
      "javaTypes": {
        "array": "List<com.hkgapi.hktool.param.AppPrivilege>",
        "pageNo": "Integer",
        "pageSize": "Integer"
      },
      "naslName": "AppPrivilegeDto"
    },
    {
      "type": "structure",
      "className": "ResponseEntity",
      "packageName": "com.hkgapi.hktool.reslut",
      "javaTypes": {
        "msg": "String",
        "code": "String",
        "data": "String"
      },
      "naslName": "ResponseEntity"
    },
    {
      "modifiers": ["public"],
      "type": "logic",
      "className": "DeviceHkAPIService",
      "packageName": "com.hkgapi.hktool.service",
      "javaTypes": {
        "": "com.hkgapi.hktool.reslut.ResponseEntity",
        "appPrivilegeDto": "com.hkgapi.hktool.structure.AppPrivilegeDto"
      },
      "naslName": "appPrivilegePage"
    },
    {
      "type": "structure",
      "className": "EventInfoDto",
      "packageName": "com.hkgapi.hktool.structure",
      "javaTypes": {
        "pageNo": "Integer",
        "deviceChannelCode": "String",
        "pageSize": "Integer",
        "endTime": "Integer",
        "beginTime": "Integer",
        "functionDomain": "String",
        "eventType": "String",
        "deviceCode": "String",
        "fullTextKeyWord": "String",
        "order": "String"
      },
      "naslName": "EventInfoDto"
    },
    {
      "modifiers": ["public"],
      "type": "logic",
      "className": "DeviceHkAPIService",
      "packageName": "com.hkgapi.hktool.service",
      "javaTypes": {
        "": "com.hkgapi.hktool.reslut.ResponseEntity",
        "eventInfoDto": "com.hkgapi.hktool.structure.EventInfoDto"
      },
      "naslName": "deviceAdd"
    },
    {
      "type": "structure",
      "className": "ForwardDest",
      "packageName": "com.hkgapi.hktool.param",
      "javaTypes": {
        "password": "String",
        "subUrl": "String",
        "abnormalRetrans": "Boolean",
        "forwardType": "Integer",
        "topicName": "String",
        "mqUrl": "String",
        "status": "Integer",
        "pushType": "Integer"
      },
      "naslName": "ForwardDest"
    },
    {
      "type": "structure",
      "className": "ForwardData",
      "packageName": "com.hkgapi.hktool.param",
      "javaTypes": {
        "eventId": "String",
        "deviceIds": "List<String>",
        "configAll": "Boolean",
        "eventType": "String",
        "domainId": "String"
      },
      "naslName": "ForwardData"
    },
    {
      "type": "structure",
      "className": "AddRuleDto",
      "packageName": "com.hkgapi.hktool.structure",
      "javaTypes": {
        "forwardDest": "List<com.hkgapi.hktool.param.ForwardDest>",
        "name": "String",
        "topicName": "String",
        "startTime": "String",
        "remark": "String",
        "id": "String",
        "endTime": "String",
        "type": "String",
        "forwardData": "List<com.hkgapi.hktool.param.ForwardData>",
        "status": "Integer",
        "mqUrl": "String"
      },
      "naslName": "AddRuleDto"
    },
    {
      "modifiers": ["public"],
      "type": "logic",
      "className": "DeviceHkAPIService",
      "packageName": "com.hkgapi.hktool.service",
      "javaTypes": {
        "": "com.hkgapi.hktool.reslut.ResponseEntity",
        "addRuleDto": "com.hkgapi.hktool.structure.AddRuleDto"
      },
      "naslName": "addRule"
    },
    {
      "modifiers": ["public"],
      "type": "logic",
      "className": "DeviceHkAPIService",
      "packageName": "com.hkgapi.hktool.service",
      "javaTypes": {
        "": "com.hkgapi.hktool.reslut.ResponseEntity",
        "ids": "List<String>"
      },
      "naslName": "subDelete"
    },
    {
      "type": "structure",
      "className": "QueryInfo",
      "packageName": "com.hkgapi.hktool.param",
      "javaTypes": {
        "operatorT": "String",
        "value": "String",
        "key": "String"
      },
      "naslName": "QueryInfo"
    },
    {
      "type": "structure",
      "className": "QueryInfoDto",
      "packageName": "com.hkgapi.hktool.structure",
      "javaTypes": {
        "array": "List<com.hkgapi.hktool.param.QueryInfo>",
        "pageNo": "Integer",
        "pageSize": "Integer"
      },
      "naslName": "QueryInfoDto"
    },
    {
      "modifiers": ["public"],
      "type": "logic",
      "className": "DeviceHkAPIService",
      "packageName": "com.hkgapi.hktool.service",
      "javaTypes": {
        "": "com.hkgapi.hktool.reslut.ResponseEntity",
        "queryInfoDto": "com.hkgapi.hktool.structure.QueryInfoDto"
      },
      "naslName": "subQueryInfo"
    },
    {
      "type": "structure",
      "className": "Temp",
      "packageName": "com.hkgapi.hktool",
      "javaTypes": {},
      "naslName": "Temp"
    }
  ]},
  "configuration": {
    "concept": "Configuration",
    "groups": [{
      "name": "custom",
      "properties": [
        {
          "name": "host",
          "values": [
            {
              "value": "10.2.160.201:443",
              "env": "dev",
              "concept": "ConfigPropertyValue"
            },
            {
              "value": "10.2.160.201:443",
              "env": "online",
              "concept": "ConfigPropertyValue"
            }
          ],
          "description": "服务地址",
          "concept": "ConfigProperty"
        },
        {
          "name": "artemisPath",
          "values": [
            {
              "value": "/artemis",
              "env": "dev",
              "concept": "ConfigPropertyValue"
            },
            {
              "value": "/artemis",
              "env": "online",
              "concept": "ConfigPropertyValue"
            }
          ],
          "description": "服务上下文",
          "concept": "ConfigProperty"
        },
        {
          "name": "appKey",
          "values": [
            {
              "value": "25231762",
              "env": "dev",
              "concept": "ConfigPropertyValue"
            },
            {
              "value": "25231762",
              "env": "online",
              "concept": "ConfigPropertyValue"
            }
          ],
          "description": "认证的用户名",
          "concept": "ConfigProperty"
        },
        {
          "name": "appSecret",
          "values": [
            {
              "value": "llr0pp87wZese52mZeGJ",
              "env": "dev",
              "concept": "ConfigPropertyValue"
            },
            {
              "value": "llr0pp87wZese52mZeGJ",
              "env": "online",
              "concept": "ConfigPropertyValue"
            }
          ],
          "description": "认证的密码",
          "concept": "ConfigProperty"
        }
      ],
      "concept": "ConfigGroup"
    }]
  },
  "logics": [
    {
      "name": "appPrivilegePage",
      "description": "查询应用有权限的设备列表 接口实际url:/api/iotrm/v1/device/appPrivilege/page",
      "params": [{
        "name": "appPrivilegeDto",
        "concept": "Param",
        "required": false,
        "typeAnnotation": {
          "typeName": "AppPrivilegeDto",
          "typeNamespace": "extensions.hkgzapi.structures",
          "typeKind": "reference",
          "concept": "TypeAnnotation"
        }
      }],
      "returns": [{
        "name": "result",
        "description": "",
        "concept": "Return",
        "typeAnnotation": {
          "typeName": "ResponseEntity",
          "typeNamespace": "extensions.hkgzapi.structures",
          "typeKind": "reference",
          "concept": "TypeAnnotation"
        }
      }],
      "overridable": false,
      "concept": "Logic"
    },
    {
      "name": "deviceAdd",
      "description": "查询历史事件数据 接口实际url:/api/iotrm/v1/eventInfo/queryEvent",
      "params": [{
        "name": "eventInfoDto",
        "concept": "Param",
        "required": false,
        "typeAnnotation": {
          "typeName": "EventInfoDto",
          "typeNamespace": "extensions.hkgzapi.structures",
          "typeKind": "reference",
          "concept": "TypeAnnotation"
        }
      }],
      "returns": [{
        "name": "result",
        "description": "",
        "concept": "Return",
        "typeAnnotation": {
          "typeName": "ResponseEntity",
          "typeNamespace": "extensions.hkgzapi.structures",
          "typeKind": "reference",
          "concept": "TypeAnnotation"
        }
      }],
      "overridable": false,
      "concept": "Logic"
    },
    {
      "name": "addRule",
      "description": "设置数据转发规则 接口实际url:/api/openapi/v1/sub/add/rule",
      "params": [{
        "name": "addRuleDto",
        "concept": "Param",
        "required": false,
        "typeAnnotation": {
          "typeName": "AddRuleDto",
          "typeNamespace": "extensions.hkgzapi.structures",
          "typeKind": "reference",
          "concept": "TypeAnnotation"
        }
      }],
      "returns": [{
        "name": "result",
        "description": "",
        "concept": "Return",
        "typeAnnotation": {
          "typeName": "ResponseEntity",
          "typeNamespace": "extensions.hkgzapi.structures",
          "typeKind": "reference",
          "concept": "TypeAnnotation"
        }
      }],
      "overridable": false,
      "concept": "Logic"
    },
    {
      "name": "subDelete",
      "description": "删除数据转发规则 接口实际url: /api/v1/sub/delete",
      "params": [{
        "name": "ids",
        "concept": "Param",
        "required": false,
        "typeAnnotation": {
          "typeName": "List",
          "typeArguments": [{
            "typeName": "String",
            "typeNamespace": "nasl.core",
            "typeKind": "primitive",
            "concept": "TypeAnnotation"
          }],
          "typeNamespace": "nasl.collection",
          "typeKind": "generic",
          "concept": "TypeAnnotation"
        }
      }],
      "returns": [{
        "name": "result",
        "description": "",
        "concept": "Return",
        "typeAnnotation": {
          "typeName": "ResponseEntity",
          "typeNamespace": "extensions.hkgzapi.structures",
          "typeKind": "reference",
          "concept": "TypeAnnotation"
        }
      }],
      "overridable": false,
      "concept": "Logic"
    },
    {
      "name": "subQueryInfo",
      "description": "查询数据转发规则 接口实际url: /api/openapi/v1/sub/queryInfo",
      "params": [{
        "name": "queryInfoDto",
        "concept": "Param",
        "required": false,
        "typeAnnotation": {
          "typeName": "QueryInfoDto",
          "typeNamespace": "extensions.hkgzapi.structures",
          "typeKind": "reference",
          "concept": "TypeAnnotation"
        }
      }],
      "returns": [{
        "name": "result",
        "description": "",
        "concept": "Return",
        "typeAnnotation": {
          "typeName": "ResponseEntity",
          "typeNamespace": "extensions.hkgzapi.structures",
          "typeKind": "reference",
          "concept": "TypeAnnotation"
        }
      }],
      "overridable": false,
      "concept": "Logic"
    }
  ],
  "structures": [
    {
      "name": "AppPrivilege",
      "properties": [
        {
          "name": "key",
          "required": false,
          "concept": "StructureProperty",
          "typeAnnotation": {
            "typeName": "String",
            "typeNamespace": "nasl.core",
            "typeKind": "primitive",
            "concept": "TypeAnnotation"
          }
        },
        {
          "name": "option",
          "required": false,
          "concept": "StructureProperty",
          "typeAnnotation": {
            "typeName": "String",
            "typeNamespace": "nasl.core",
            "typeKind": "primitive",
            "concept": "TypeAnnotation"
          }
        },
        {
          "name": "value",
          "required": false,
          "concept": "StructureProperty",
          "typeAnnotation": {
            "typeName": "String",
            "typeNamespace": "nasl.core",
            "typeKind": "primitive",
            "concept": "TypeAnnotation"
          }
        }
      ],
      "description": "",
      "concept": "Structure"
    },
    {
      "name": "AppPrivilegeDto",
      "properties": [
        {
          "name": "pageSize",
          "required": false,
          "concept": "StructureProperty",
          "typeAnnotation": {
            "typeName": "Long",
            "typeNamespace": "nasl.core",
            "typeKind": "primitive",
            "concept": "TypeAnnotation"
          }
        },
        {
          "name": "pageNo",
          "required": false,
          "concept": "StructureProperty",
          "typeAnnotation": {
            "typeName": "Long",
            "typeNamespace": "nasl.core",
            "typeKind": "primitive",
            "concept": "TypeAnnotation"
          }
        },
        {
          "name": "array",
          "required": false,
          "concept": "StructureProperty",
          "typeAnnotation": {
            "typeName": "List",
            "typeArguments": [{
              "typeName": "AppPrivilege",
              "typeNamespace": "extensions.hkgzapi.structures",
              "typeKind": "reference",
              "concept": "TypeAnnotation"
            }],
            "typeNamespace": "nasl.collection",
            "typeKind": "generic",
            "concept": "TypeAnnotation"
          }
        }
      ],
      "description": "",
      "concept": "Structure"
    },
    {
      "name": "ResponseEntity",
      "properties": [
        {
          "name": "code",
          "required": false,
          "concept": "StructureProperty",
          "typeAnnotation": {
            "typeName": "String",
            "typeNamespace": "nasl.core",
            "typeKind": "primitive",
            "concept": "TypeAnnotation"
          }
        },
        {
          "name": "msg",
          "required": false,
          "concept": "StructureProperty",
          "typeAnnotation": {
            "typeName": "String",
            "typeNamespace": "nasl.core",
            "typeKind": "primitive",
            "concept": "TypeAnnotation"
          }
        },
        {
          "name": "data",
          "required": false,
          "concept": "StructureProperty",
          "typeAnnotation": {
            "typeName": "String",
            "typeNamespace": "nasl.core",
            "typeKind": "primitive",
            "concept": "TypeAnnotation"
          }
        }
      ],
      "description": "",
      "concept": "Structure"
    },
    {
      "name": "EventInfoDto",
      "properties": [
        {
          "name": "deviceCode",
          "required": false,
          "concept": "StructureProperty",
          "typeAnnotation": {
            "typeName": "String",
            "typeNamespace": "nasl.core",
            "typeKind": "primitive",
            "concept": "TypeAnnotation"
          }
        },
        {
          "name": "deviceChannelCode",
          "required": false,
          "concept": "StructureProperty",
          "typeAnnotation": {
            "typeName": "String",
            "typeNamespace": "nasl.core",
            "typeKind": "primitive",
            "concept": "TypeAnnotation"
          }
        },
        {
          "name": "eventType",
          "required": false,
          "concept": "StructureProperty",
          "typeAnnotation": {
            "typeName": "String",
            "typeNamespace": "nasl.core",
            "typeKind": "primitive",
            "concept": "TypeAnnotation"
          }
        },
        {
          "name": "functionDomain",
          "required": false,
          "concept": "StructureProperty",
          "typeAnnotation": {
            "typeName": "String",
            "typeNamespace": "nasl.core",
            "typeKind": "primitive",
            "concept": "TypeAnnotation"
          }
        },
        {
          "name": "beginTime",
          "required": false,
          "concept": "StructureProperty",
          "typeAnnotation": {
            "typeName": "Long",
            "typeNamespace": "nasl.core",
            "typeKind": "primitive",
            "concept": "TypeAnnotation"
          }
        },
        {
          "name": "endTime",
          "required": false,
          "concept": "StructureProperty",
          "typeAnnotation": {
            "typeName": "Long",
            "typeNamespace": "nasl.core",
            "typeKind": "primitive",
            "concept": "TypeAnnotation"
          }
        },
        {
          "name": "fullTextKeyWord",
          "required": false,
          "concept": "StructureProperty",
          "typeAnnotation": {
            "typeName": "String",
            "typeNamespace": "nasl.core",
            "typeKind": "primitive",
            "concept": "TypeAnnotation"
          }
        },
        {
          "name": "order",
          "required": false,
          "concept": "StructureProperty",
          "typeAnnotation": {
            "typeName": "String",
            "typeNamespace": "nasl.core",
            "typeKind": "primitive",
            "concept": "TypeAnnotation"
          }
        },
        {
          "name": "pageSize",
          "required": false,
          "concept": "StructureProperty",
          "typeAnnotation": {
            "typeName": "Long",
            "typeNamespace": "nasl.core",
            "typeKind": "primitive",
            "concept": "TypeAnnotation"
          }
        },
        {
          "name": "pageNo",
          "required": false,
          "concept": "StructureProperty",
          "typeAnnotation": {
            "typeName": "Long",
            "typeNamespace": "nasl.core",
            "typeKind": "primitive",
            "concept": "TypeAnnotation"
          }
        }
      ],
      "description": "",
      "concept": "Structure"
    },
    {
      "name": "ForwardDest",
      "properties": [
        {
          "name": "forwardType",
          "required": false,
          "concept": "StructureProperty",
          "typeAnnotation": {
            "typeName": "Long",
            "typeNamespace": "nasl.core",
            "typeKind": "primitive",
            "concept": "TypeAnnotation"
          }
        },
        {
          "name": "pushType",
          "required": false,
          "concept": "StructureProperty",
          "typeAnnotation": {
            "typeName": "Long",
            "typeNamespace": "nasl.core",
            "typeKind": "primitive",
            "concept": "TypeAnnotation"
          }
        },
        {
          "name": "status",
          "required": false,
          "concept": "StructureProperty",
          "typeAnnotation": {
            "typeName": "Long",
            "typeNamespace": "nasl.core",
            "typeKind": "primitive",
            "concept": "TypeAnnotation"
          }
        },
        {
          "name": "abnormalRetrans",
          "required": false,
          "concept": "StructureProperty",
          "typeAnnotation": {
            "typeName": "Boolean",
            "typeNamespace": "nasl.core",
            "typeKind": "primitive",
            "concept": "TypeAnnotation"
          }
        },
        {
          "name": "password",
          "required": false,
          "concept": "StructureProperty",
          "typeAnnotation": {
            "typeName": "String",
            "typeNamespace": "nasl.core",
            "typeKind": "primitive",
            "concept": "TypeAnnotation"
          }
        },
        {
          "name": "mqUrl",
          "required": false,
          "concept": "StructureProperty",
          "typeAnnotation": {
            "typeName": "String",
            "typeNamespace": "nasl.core",
            "typeKind": "primitive",
            "concept": "TypeAnnotation"
          }
        },
        {
          "name": "topicName",
          "required": false,
          "concept": "StructureProperty",
          "typeAnnotation": {
            "typeName": "String",
            "typeNamespace": "nasl.core",
            "typeKind": "primitive",
            "concept": "TypeAnnotation"
          }
        },
        {
          "name": "subUrl",
          "required": false,
          "concept": "StructureProperty",
          "typeAnnotation": {
            "typeName": "String",
            "typeNamespace": "nasl.core",
            "typeKind": "primitive",
            "concept": "TypeAnnotation"
          }
        }
      ],
      "description": "",
      "concept": "Structure"
    },
    {
      "name": "ForwardData",
      "properties": [
        {
          "name": "domainId",
          "required": false,
          "concept": "StructureProperty",
          "typeAnnotation": {
            "typeName": "String",
            "typeNamespace": "nasl.core",
            "typeKind": "primitive",
            "concept": "TypeAnnotation"
          }
        },
        {
          "name": "deviceIds",
          "required": false,
          "concept": "StructureProperty",
          "typeAnnotation": {
            "typeName": "List",
            "typeArguments": [{
              "typeName": "String",
              "typeNamespace": "nasl.core",
              "typeKind": "primitive",
              "concept": "TypeAnnotation"
            }],
            "typeNamespace": "nasl.collection",
            "typeKind": "generic",
            "concept": "TypeAnnotation"
          }
        },
        {
          "name": "configAll",
          "required": false,
          "concept": "StructureProperty",
          "typeAnnotation": {
            "typeName": "Boolean",
            "typeNamespace": "nasl.core",
            "typeKind": "primitive",
            "concept": "TypeAnnotation"
          }
        },
        {
          "name": "eventId",
          "required": false,
          "concept": "StructureProperty",
          "typeAnnotation": {
            "typeName": "String",
            "typeNamespace": "nasl.core",
            "typeKind": "primitive",
            "concept": "TypeAnnotation"
          }
        },
        {
          "name": "eventType",
          "required": false,
          "concept": "StructureProperty",
          "typeAnnotation": {
            "typeName": "String",
            "typeNamespace": "nasl.core",
            "typeKind": "primitive",
            "concept": "TypeAnnotation"
          }
        }
      ],
      "description": "",
      "concept": "Structure"
    },
    {
      "name": "AddRuleDto",
      "properties": [
        {
          "name": "forwardDest",
          "required": false,
          "concept": "StructureProperty",
          "typeAnnotation": {
            "typeName": "List",
            "typeArguments": [{
              "typeName": "ForwardDest",
              "typeNamespace": "extensions.hkgzapi.structures",
              "typeKind": "reference",
              "concept": "TypeAnnotation"
            }],
            "typeNamespace": "nasl.collection",
            "typeKind": "generic",
            "concept": "TypeAnnotation"
          }
        },
        {
          "name": "forwardData",
          "required": false,
          "concept": "StructureProperty",
          "typeAnnotation": {
            "typeName": "List",
            "typeArguments": [{
              "typeName": "ForwardData",
              "typeNamespace": "extensions.hkgzapi.structures",
              "typeKind": "reference",
              "concept": "TypeAnnotation"
            }],
            "typeNamespace": "nasl.collection",
            "typeKind": "generic",
            "concept": "TypeAnnotation"
          }
        },
        {
          "name": "name",
          "required": false,
          "concept": "StructureProperty",
          "typeAnnotation": {
            "typeName": "String",
            "typeNamespace": "nasl.core",
            "typeKind": "primitive",
            "concept": "TypeAnnotation"
          }
        },
        {
          "name": "remark",
          "required": false,
          "concept": "StructureProperty",
          "typeAnnotation": {
            "typeName": "String",
            "typeNamespace": "nasl.core",
            "typeKind": "primitive",
            "concept": "TypeAnnotation"
          }
        },
        {
          "name": "type",
          "required": false,
          "concept": "StructureProperty",
          "typeAnnotation": {
            "typeName": "String",
            "typeNamespace": "nasl.core",
            "typeKind": "primitive",
            "concept": "TypeAnnotation"
          }
        },
        {
          "name": "mqUrl",
          "required": false,
          "concept": "StructureProperty",
          "typeAnnotation": {
            "typeName": "String",
            "typeNamespace": "nasl.core",
            "typeKind": "primitive",
            "concept": "TypeAnnotation"
          }
        },
        {
          "name": "topicName",
          "required": false,
          "concept": "StructureProperty",
          "typeAnnotation": {
            "typeName": "String",
            "typeNamespace": "nasl.core",
            "typeKind": "primitive",
            "concept": "TypeAnnotation"
          }
        },
        {
          "name": "status",
          "required": false,
          "concept": "StructureProperty",
          "typeAnnotation": {
            "typeName": "Long",
            "typeNamespace": "nasl.core",
            "typeKind": "primitive",
            "concept": "TypeAnnotation"
          }
        },
        {
          "name": "startTime",
          "required": false,
          "concept": "StructureProperty",
          "typeAnnotation": {
            "typeName": "String",
            "typeNamespace": "nasl.core",
            "typeKind": "primitive",
            "concept": "TypeAnnotation"
          }
        },
        {
          "name": "endTime",
          "required": false,
          "concept": "StructureProperty",
          "typeAnnotation": {
            "typeName": "String",
            "typeNamespace": "nasl.core",
            "typeKind": "primitive",
            "concept": "TypeAnnotation"
          }
        },
        {
          "name": "id",
          "required": false,
          "concept": "StructureProperty",
          "typeAnnotation": {
            "typeName": "String",
            "typeNamespace": "nasl.core",
            "typeKind": "primitive",
            "concept": "TypeAnnotation"
          }
        }
      ],
      "description": "",
      "concept": "Structure"
    },
    {
      "name": "QueryInfo",
      "properties": [
        {
          "name": "key",
          "required": false,
          "concept": "StructureProperty",
          "typeAnnotation": {
            "typeName": "String",
            "typeNamespace": "nasl.core",
            "typeKind": "primitive",
            "concept": "TypeAnnotation"
          }
        },
        {
          "name": "value",
          "required": false,
          "concept": "StructureProperty",
          "typeAnnotation": {
            "typeName": "String",
            "typeNamespace": "nasl.core",
            "typeKind": "primitive",
            "concept": "TypeAnnotation"
          }
        },
        {
          "name": "operatorT",
          "required": false,
          "concept": "StructureProperty",
          "typeAnnotation": {
            "typeName": "String",
            "typeNamespace": "nasl.core",
            "typeKind": "primitive",
            "concept": "TypeAnnotation"
          }
        }
      ],
      "description": "",
      "concept": "Structure"
    },
    {
      "name": "QueryInfoDto",
      "properties": [
        {
          "name": "pageSize",
          "required": false,
          "concept": "StructureProperty",
          "typeAnnotation": {
            "typeName": "Long",
            "typeNamespace": "nasl.core",
            "typeKind": "primitive",
            "concept": "TypeAnnotation"
          }
        },
        {
          "name": "pageNo",
          "required": false,
          "concept": "StructureProperty",
          "typeAnnotation": {
            "typeName": "Long",
            "typeNamespace": "nasl.core",
            "typeKind": "primitive",
            "concept": "TypeAnnotation"
          }
        },
        {
          "name": "array",
          "required": false,
          "concept": "StructureProperty",
          "typeAnnotation": {
            "typeName": "List",
            "typeArguments": [{
              "typeName": "QueryInfo",
              "typeNamespace": "extensions.hkgzapi.structures",
              "typeKind": "reference",
              "concept": "TypeAnnotation"
            }],
            "typeNamespace": "nasl.collection",
            "typeKind": "generic",
            "concept": "TypeAnnotation"
          }
        }
      ],
      "description": "",
      "concept": "Structure"
    },
    {
      "name": "Temp",
      "properties": [],
      "description": "由于打包必须有nasl标签，所以创建临时类。",
      "concept": "Structure"
    }
  ]
}